depth [m],temp [K]
683.108378,-24.09261782
889.8914705,-16.77335163
993.5632928,-10.24305776
1047.467186,-6.364243498
1074.661534,-4.383357063
1100.712053,-2.478771242