depth [m],temp [K]
689.086332,-22.48691236
893.6694802,-13.97929418
1051.451207,-4.61570517