depth [m],temp [K]
126.0986508,-24.09109347
151.1170933,-23.72851995
171.7962545,-23.459883
193.4007385,-23.12547087
213.838481,-22.88660444
232.5117808,-22.64502073