depth [m],temp [K]
37.43518314,-25.2186745
79.317906,-25.12911019
93.39143866,-25.07507883
112.919241,-24.86321199
132.6676964,-24.71535768