depth [m],temp [K]
1000.355398,-6.115640057
1019.561676,-5.185310587
1039.241818,-4.256674046
1058.648008,-3.290662847