depth [m],temp [K]
996.7347845,-7.820810001
1016.289057,-6.434040891
1038.442174,-5.086078917
1059.751222,-3.654772757
1080.038501,-2.15262404