depth [m],temp [K]
683.6007547,-23.34838723
889.9596458,-15.57477952
995.0782982,-9.113329304